,Index,Question,Response,Labels,Predicted_LabelsPredicted_Act,Predicted_Act_Explanation,Predicted_Intent,Predicted_Intent_Explanation,Predicted_Labels,Predicted_Acts
0,11495063129,What is your definition of a small business?,"([""direct"", ""overanswer""], ""The witness is providing a direct answer to the question by explaining that their definition of a small business is based on the Small Business Administration's definition, which is used across the Federal Government. They also mention that the definition can vary depending on the industry. The witness may also be overanswering by providing more information than necessary."")",101000,,"The witness is providing a straightforward answer to the question by stating that their definition of a small business is based on the Small Business Administration's definition, which is used across the Federal Government. They also mention that the definition can vary depending on the industry.","['direct', 'overanswer']","; The witness is providing a direct answer to the question by explaining that their definition of a small business is based on the Small Business Administration's definition, which is used across the Federal Government. They also mention that the definition can vary depending on the industry. The witness may also be overanswering by providing more information than necessary.",110000,['answer']
1,11386195154,Is that right?,"([""direct"", ""overanswer""], ""A direct intent indicates that the witness is simply confirming that the statement is correct, while an overanswer intent suggests that the witness is providing additional information or elaborating on the statement."")",100000,,The witness is providing a direct response to the question confirming that it is correct.,"['direct', 'overanswer']","; A direct intent indicates that the witness is simply confirming that the statement is correct, while an overanswer intent suggests that the witness is providing additional information or elaborating on the statement.",110000,['answer']
2,11635589127,"Given these statements by the State Department, why the decision to cut FMF when it seems, based on those statements, that it would undermine efforts in Iraq, our efforts in Iraq, and create the conditions that would allow ISIS to revive?","([""direct"", ""overanswer"", ""dodge"", ""correct""], ""The witness's response can be interpreted as directly addressing the question by emphasizing the Administration's actions and achievements in Iraq and the need for resources and support to build out the Iraqi security forces. Additionally, the witness may be overanswering by providing more information than necessary. The response can also be seen as shifting the focus to the need for resources and support, possibly to avoid fully answering the question."")",001000,,"The witness's response can be interpreted as partly answering the question by emphasizing the Administration's actions and achievements in Iraq, but also shifting the focus to the need for resources and support to build out the Iraqi security forces.","['direct', 'overanswer', 'dodge', 'correct', 'direct', 'overanswer', 'dodge', 'correct']","; The witness's response can be interpreted as directly addressing the question by emphasizing the Administration's actions and achievements in Iraq and the need for resources and support to build out the Iraqi security forces. Additionally, the witness may be overanswering by providing more information than necessary. The response can also be seen as shifting the focus to the need for resources and support, possibly to avoid fully answering the question.; The witness's response can be interpreted as directly addressing the question by emphasizing the Administration's actions and achievements in Iraq and the need for resources and support to build out the Iraqi security forces. Additionally, the witness may be overanswering by providing more information than necessary. The response can also be seen as shifting the focus to the need for resources and support, possibly to avoid fully answering the question.",111100,"['answer', 'shift']"
3,11635230123,"My question is, given all those connections, is it likely that Donald Trump was fully aware and had every intent of working with Russia to help make sure that he could win the Presidency at all costs?","([""dodge"", ""correct""], ""The witness may be seen as intending to dodge the question by shifting the topic to the House and Senate Select Intelligence Committees. However, the witness may also be seen as intending to correct any misconceptions by providing additional information about Mr. Trump's desire to win and the Trump Tower Moscow project."")",000101,,"The range of conversation acts for this response include 'answer' and 'shift'. The witness initially signals that he would rather not answer the specific question, indicating a shift in topic. However, he then provides additional information about Mr. Trump's desire to win and the Trump Tower Moscow project, which can be considered as an attempt to answer the question.","['direct', 'overanswer', 'dodge', 'correct']","; The witness can be interpreted as intending to provide a direct answer to the question by stating that Mr. Trump's desire to win would have him work with anyone. Additionally, the witness may also be seen as overanswering the question by providing extra information about the Trump Tower Moscow project and its worth, which may not directly address the intent of the question.; The witness may be seen as intending to dodge the question by shifting the topic to the House and Senate Select Intelligence Committees. However, the witness may also be seen as intending to correct any misconceptions by providing additional information about Mr. Trump's desire to win and the Trump Tower Moscow project.",111100,"['answer', 'shift']"
4,11637282057,"So did you verbally counsel Ms. Conway, ``Hey, you're crossing a line, don't do that''?","([""direct"", ""overanswer""], ""The witness is directly answering the question by stating that they have never spoken to Ms. Conway and providing information about her training. The witness may also be giving more information than necessary, potentially overanswering the question."")",100000,,The witness is directly answering the question by providing information about Ms. Conway's training and the White House Counsel's Office actions,"['direct', 'overanswer']","; The witness is directly answering the question by stating that they have never spoken to Ms. Conway and providing information about her training. The witness may also be giving more information than necessary, potentially overanswering the question.",110000,['answer']
5,11420722113,And would independent prosecutors be a good thing?,"([""direct"", ""overanswer""], ""Annotators might interpret the response as directly answering the question and providing reasons to support their answer (direct intent), or as providing more information than necessary (overanswer intent)"")",101000,,The witness is directly answering the question and providing reasons to support their answer,"['direct', 'overanswer']","; Annotators might interpret the response as directly answering the question and providing reasons to support their answer (direct intent), or as providing more information than necessary (overanswer intent)",110000,['answer']
6,11393834105,"So is--is it a big deal to you, Mr. Cole, and a big deal to the Justice Department that the head of the Internal Revenue Service waited 2 months to tell the U.S. Congress, 2 months to tell the American people and, most importantly, 2 months to tell the FBI and the Justice Department that they had lost Lois Lerner's emails?","([""dodge"", ""correct""], ""Two different annotations could argue different reasons for why the witness shifted: one being that the witness is intentionally evading the question (dodge) and the other being that the witness is attempting to direct the conversation back to the main issue (correct)."")",101000,,The witness is deflecting from directly answering the question by acknowledging the importance of knowing about the loss of emails without explicitly addressing the specific concerns raised in the question.,"['dodge', 'correct']",; Two different annotations could argue different reasons for why the witness shifted: one being that the witness is intentionally evading the question (dodge) and the other being that the witness is attempting to direct the conversation back to the main issue (correct).,001100,['shift']
7,11530956043,"What has Facebook done, and what are you going to do to ensure that your targeted advertisements and other components of your platform are in compliance with Federal laws, such as the Civil Rights Act of 1968?","([""direct"", ""overanswer""], ""Some annotators might interpret the response as directly answering the question, while others might see it as providing more information than necessary and overanswering the question."")",111000,,The witness is directly addressing the question and providing a specific action that Facebook has taken to ensure compliance with federal laws.,"['direct', 'overanswer']","; Some annotators might interpret the response as directly answering the question, while others might see it as providing more information than necessary and overanswering the question.",110000,['answer']
8,11531504011,"Yes or no, did you authorize him?","([""dodge"", ""correct""], ""A skeptical annotator might interpret the shift as an attempt to dodge the question and avoid providing a direct answer. On the other hand, an optimistic annotator might view the shift as an attempt to correct a misunderstanding or provide additional context."")",001000,,The witness is shifting the focus of the conversation away from whether or not they authorized him and instead mentioning delegations giving him the authority,"['dodge', 'correct']","; A skeptical annotator might interpret the shift as an attempt to dodge the question and avoid providing a direct answer. On the other hand, an optimistic annotator might view the shift as an attempt to correct a misunderstanding or provide additional context.",001100,['shift']
9,11531504140,"Without respect to the timing, then, were you personally involved then in the decision to reduce this fine?","([""direct"", ""overanswer""], ""A direct intent suggests that the witness is simply providing a straightforward answer to the question, while an overanswer intent suggests that the witness is providing more information than necessary in response to the question."")",100000,,The witness clearly and directly answers the question by stating that they were not personally involved in the decision to reduce the fine.,"['direct', 'overanswer']","; A direct intent suggests that the witness is simply providing a straightforward answer to the question, while an overanswer intent suggests that the witness is providing more information than necessary in response to the question.",110000,['answer']
10,11495063127,What was yours?,"([""direct"", ""overanswer""], ""The witness is asking for clarification and cannot directly answer the question."")",000001,,The witness is asking for clarification and cannot directly answer the question.,"['direct', 'overanswer']",; The witness is asking for clarification and cannot directly answer the question.,110000,['cant answer']
11,11386195146,"Ms. Ingram, did Mr. Grant fully assume those responsibilities in December 2010?","([""direct"", ""overanswer""], ""A direct annotator might interpret the response as a straightforward confirmation, while an overanswer annotator might view it as providing more information than necessary"")",100000,,The witness clearly answers the question and provides additional information,"['direct', 'overanswer']","; A direct annotator might interpret the response as a straightforward confirmation, while an overanswer annotator might view it as providing more information than necessary",110000,['answer']
12,11530242123,And presumably you do your analysis on that?,"([""direct"", ""overanswer""], ""A negative annotator could view the short affirmative response as trying to avoid providing more information vs. a neutral annotator might view it as a straightforward answer to the question."")",100000,,The witness is directly answering the question with a short affirmative response.,"['direct', 'overanswer']",; A negative annotator could view the short affirmative response as trying to avoid providing more information vs. a neutral annotator might view it as a straightforward answer to the question.,110000,['answer']
13,11531349037,What would cause you to raise rates more?,"([""direct"", ""overanswer""], ""The witness is directly addressing the question and providing a detailed explanation about what would cause them to raise rates more. The witness is not providing an excessive or unnecessary amount of information that goes beyond the scope of the question."")",001100,,The witness is directly addressing the question and providing a detailed explanation about what would cause them to raise rates more.,"['direct', 'overanswer']",; The witness is directly addressing the question and providing a detailed explanation about what would cause them to raise rates more. The witness is not providing an excessive or unnecessary amount of information that goes beyond the scope of the question.,110000,['answer']
14,11386195142,Is that correct?,"([""direct"", ""overanswer""], ""A direct annotator would interpret the response as a straightforward confirmation of the statement, while an overanswer annotator might consider the response to be providing more information than necessary"")",100000,,The witness is confirming that the statement made by the questioner is correct,"['direct', 'overanswer']","; A direct annotator would interpret the response as a straightforward confirmation of the statement, while an overanswer annotator might consider the response to be providing more information than necessary",110000,['answer']
15,11531349079,Or how much of it will really help the income disparity to increase and grow wider?,"([""dodge"", ""overanswer"", ""honest""], ""The witness initially tries to shift the focus by mentioning the responsibilities of the organization and stating that they don't have estimates. This can be interpreted as a dodging tactic to avoid directly answering the question. However, the witness also provides an overanswer by mentioning that there are many other estimates available but they don't have a specific estimate for that number. This can be seen as a partial attempt at answering the question honestly."")",000011,,"The witness initially tries to shift the focus by mentioning the responsibilities of the organization and stating that they don't have estimates. However, they also provide an answer by mentioning that there are many other estimates available but they don't have a specific estimate for that number.","['dodge', 'overanswer', 'honest', 'dodge', 'overanswer', 'honest']","; The witness initially tries to shift the focus by mentioning the responsibilities of the organization and stating that they don't have estimates. This can be interpreted as a dodging tactic to avoid directly answering the question. However, the witness also provides an overanswer by mentioning that there are many other estimates available but they don't have a specific estimate for that number. This can be seen as a partial attempt at answering the question honestly.; The witness initially tries to shift the focus by mentioning the responsibilities of the organization and stating that they don't have estimates. This can be interpreted as a dodging tactic to avoid directly answering the question. However, the witness also provides an overanswer by mentioning that there are many other estimates available but they don't have a specific estimate for that number. This can be seen as a partial attempt at answering the question honestly.",011001,"['shift', 'answer']"
16,11531504035,Based on your record should the public trust your decision-making here with the hypocrisies that would exist in the system you defined?,"([""dodge"", ""correct""], ""The witness might be attempting to avoid the question by shifting focus to a different topic, or they might be trying to correct any potential misunderstandings about their previous statement"")",001000,,The witness is shifting the focus away from the question and discussing the transparency of the rulemaking process instead,"['dodge', 'correct']","; The witness might be attempting to avoid the question by shifting focus to a different topic, or they might be trying to correct any potential misunderstandings about their previous statement",001100,['shift']
17,11635589072,"Given all the evidence available to you, could you comment today if you are ready to conclude or where you are in determining whether the crimes committed against the Rohingya by the Burmese military did constitute at least crimes against humanity?","([""dodge"", ""correct""], ""A cynical annotator might interpret the shift as an attempt to avoid addressing the question directly, while an optimistic annotator might see it as an attempt to correct any misunderstandings or provide more context before addressing the question"")",100001,,The witness is shifting the focus of the response away from answering the question directly,"['dodge', 'correct']","; A cynical annotator might interpret the shift as an attempt to avoid addressing the question directly, while an optimistic annotator might see it as an attempt to correct any misunderstandings or provide more context before addressing the question",001100,['shift']
18,11637282124,"Can she explain why Democrat legislation that fails to take meaningful steps to solve the border crisis offered up while criticizing the people charged with guarding our border in a cynical political game, exploiting the tragedy of migrants dying, while those very same Democrats who denied the crisis refuse to address it and then act like they are the heroes for throwing money at it with no plan at all to deal with it, can she explain why that is flawed legislation?","([""honest"", ""lying""], ""An annotator who is pessimistic might interpret the response as the witness being dishonest and purposely avoiding answering the question, while an annotator who is optimistic might interpret it as the witness being honest and genuinely unable to comment on the specific statement."")",000001,,The witness clearly states that they are unable to comment on the specific statement and therefore cannot answer the question.,"['honest', 'lying']","; An annotator who is pessimistic might interpret the response as the witness being dishonest and purposely avoiding answering the question, while an annotator who is optimistic might interpret it as the witness being honest and genuinely unable to comment on the specific statement.",000011,['cant answer']
19,11495063033,"You can't account for $500 million in taxpayer-backed money, correct?","([""dodge"", ""honest""], ""The witness's response can be interpreted as a 'dodge' because he is not directly addressing the question and instead disagrees with the statement made by the questioner. Additionally, the witness's response can also be interpreted as being 'honest' because he explicitly states that he disagrees with the statement."")",101000,,"The witness's response can be interpreted as a shift because he is not directly addressing the question and instead disagrees with the statement made by the questioner. Additionally, the witness's response can also be interpreted as a 'cant answer' act because he does not provide a clear answer to the question and instead deflects by disagreeing with the statement.","['dodge', 'honest', 'dodge', 'honest']","; The witness's response can be interpreted as a 'dodge' because he is not directly addressing the question and instead disagrees with the statement made by the questioner. Additionally, the witness's response can also be interpreted as being 'honest' because he explicitly states that he disagrees with the statement.; The witness's response can be interpreted as a 'dodge' because he is not directly addressing the question and instead disagrees with the statement made by the questioner. Additionally, the witness's response can also be interpreted as being 'honest' because he explicitly states that he disagrees with the statement.",001001,"['shift', 'cant answer']"
20,11531349119,"If banks do continue to participate in the LIBOR panel, would you encourage a multiple rate approach that was driven by market choice?","([""direct"", ""overanswer""], ""Some annotators may interpret the shift as an attempt to dodge the question, while others may see it as the witness overanswering the question by providing additional information"")",100000,,"The witness initially starts to shift the conversation, but then proceeds to provide an answer to the question","['dodge', 'overanswer', 'direct', 'overanswer']","; Some annotators may interpret the shift as an attempt to dodge the question, while others may see it as the witness overanswering the question by providing additional information; Some annotators may interpret the shift as an attempt to dodge the question, while others may see it as the witness overanswering the question by providing additional information",111000,"['shift', 'answer']"
21,11637282130,"Can she criticize the Democrats, the Democrats as a group, who failed to take the crisis seriously and allowed the crisis to get so bad that people are now dying?","([""dodge"", ""correct""], ""The witness may be trying to dodge the question by redirecting the conversation to a different topic, or they may be attempting to correct a misconception or misinterpretation in the question"")",001100,,The witness is attempting to shift the focus of the conversation away from the question about criticizing the Democrats. They are not directly answering the question and instead trying to redirect the conversation to a different topic.,"['dodge', 'correct']","; The witness may be trying to dodge the question by redirecting the conversation to a different topic, or they may be attempting to correct a misconception or misinterpretation in the question",001100,['shift']
22,11393834010,"And they have a duty to produce the relevant documents that are requested in the course of that, correct?","([""direct"", ""overanswer""], ""A direct annotator interprets the confirmation as a straightforward response to the question, while an overanswer annotator may see it as an excessive or unnecessary response."")",100000,,The witness is directly answering the question and confirming that the statement is correct.,"['direct', 'overanswer']","; A direct annotator interprets the confirmation as a straightforward response to the question, while an overanswer annotator may see it as an excessive or unnecessary response.",110000,['answer']
23,11495063013,Is it the largest in the Bank's history?,"([""direct"", ""overanswer""], ""The witness is directly answering the question with a clear negative response"")",100000,,The witness is directly answering the question with a clear negative response,"['direct', 'overanswer']",; The witness is directly answering the question with a clear negative response,110000,['answer']
24,11531504113,"So do you believe that mesothelioma can, or that asbestos causes mesothelioma?","([""dodge"", ""correct""], ""An annotator who is skeptical might view the witness as trying to dodge the question by diverting attention to redacting information, while another annotator might see this as an attempt to correct any misunderstanding or misinterpretation of the question by the witness."")",110000,,The witness is shifting the focus of the conversation away from the question and onto the issue of redacting confidential and personal information.,"['dodge', 'correct']","; An annotator who is skeptical might view the witness as trying to dodge the question by diverting attention to redacting information, while another annotator might see this as an attempt to correct any misunderstanding or misinterpretation of the question by the witness.",001100,['shift']
25,11530242066,Was it because you don't think that information security was important enough to be reported directly to you?,"([""direct"", ""overanswer""], ""An annotator could interpret the direct answer as the witness acknowledging that information security was not important enough to be reported directly to them, while another annotator could interpret it as the witness overanswering and providing additional information beyond the scope of the question"")",001100,,The witness is directly answering the question,"['direct', 'overanswer']","; An annotator could interpret the direct answer as the witness acknowledging that information security was not important enough to be reported directly to them, while another annotator could interpret it as the witness overanswering and providing additional information beyond the scope of the question",110000,['answer']
26,11530956105,"Does Facebook therefore plan to sue Aleksandr Kogan, Cambridge University, or Cambridge Analytica perhaps for unauthorized access to computer networks, exceeding access to computer networks, or breach of contract, and why or why not?","([""direct"", ""overanswer"", ""dodge"", ""correct""], ""The witness first provides a direct answer to the question by stating that Facebook is looking into the matter and has already taken action by banning Aleksandr Kogan and conducting a full audit. This suggests an intention to address the issue. However, the witness also overanswers the question by providing additional information about Cambridge University and other researchers, suggesting a potential need for stronger action beyond just suing Aleksandr Kogan. This implies an intention to provide more context and broaden the scope of the answer. Additionally, the witness shifts the focus to Cambridge University, potentially trying to dodge the question by highlighting the involvement of other researchers. This indicates an intention to divert attention from the specific question. Finally, the witness may also be attempting to correct any misunderstandings or misinformation by providing more information about the actions taken by Facebook. This implies an intention to clarify and provide accurate information."")",101100,,"The witness first provides an answer to the question by stating that Facebook is looking into the matter and has taken some actions, such as banning Aleksandr Kogan from the platform and conducting a full audit. However, the witness then shifts the focus to Cambridge University and other researchers, suggesting that there may be a need for stronger action beyond just suing Aleksandr Kogan.","['direct', 'overanswer', 'dodge', 'correct', 'direct', 'overanswer', 'dodge', 'correct']","; The witness first provides a direct answer by stating that Facebook is looking into the matter and has already taken action by banning Aleksandr Kogan and conducting a full audit. They also provide additional information about Cambridge University and other researchers, suggesting a potential need for stronger action beyond just suing Aleksandr Kogan.; The witness first provides a direct answer to the question by stating that Facebook is looking into the matter and has already taken action by banning Aleksandr Kogan and conducting a full audit. This suggests an intention to address the issue. However, the witness also overanswers the question by providing additional information about Cambridge University and other researchers, suggesting a potential need for stronger action beyond just suing Aleksandr Kogan. This implies an intention to provide more context and broaden the scope of the answer. Additionally, the witness shifts the focus to Cambridge University, potentially trying to dodge the question by highlighting the involvement of other researchers. This indicates an intention to divert attention from the specific question. Finally, the witness may also be attempting to correct any misunderstandings or misinformation by providing more information about the actions taken by Facebook. This implies an intention to clarify and provide accurate information.",111100,"['answer', 'shift']"
27,11393834022,Is not producing the documents--is the reason for that is the President actually asserting executive privilege in this matter?,"([""direct"", ""overanswer"", ""correct"", ""dodge""], ""The witness is directly answering the question by stating that there was no assertion of executive privilege. The witness also provides additional information and explanation, which could be considered as overanswering or trying to shift the focus."")",101000,,"The witness is providing a direct response to the question by stating that there was no assertion of executive privilege. However, the witness also tries to shift the focus by explaining why certain documents are not produced.","['direct', 'overanswer', 'correct', 'dodge', 'direct', 'overanswer', 'correct', 'dodge']","; The witness is directly answering the question by stating that there was no assertion of executive privilege. The witness also provides additional information and explanation, which could be either considered as overanswering or trying to shift the focus.; The witness is directly answering the question by stating that there was no assertion of executive privilege. The witness also provides additional information and explanation, which could be considered as overanswering or trying to shift the focus.",111100,"['answer', 'shift']"
28,11635230039,When you failed to report $4 million in income to the Internal Revenue Service did you do that to protect Donald Trump?,"([""direct""], ""The witness directly denies the allegation and clarifies that they did not fail to report income to protect Donald Trump"")",100000,,The witness directly answers the question asked without any ambiguity or evasion.,['direct'],; The witness directly denies the allegation and clarifies that they did not fail to report income to protect Donald Trump,100000,['answer']
29,11531504102,"To your knowledge, is there anything under current law that prevents a State from using it for other purposes?","([""dodge"", ""direct"", ""overanswer""], ""The witness's response can be interpreted as a dodge, as he tries to shift the focus away from the question and onto investigating the possibility mentioned by the Congressman. Additionally, it can be seen as a direct intent, as he acknowledges that he is not aware of it happening currently. There is also a possibility of overanswering, as he offers to investigate and look into the matter further if the Congressman has any information."")",100101,,"The witness starts by shifting the focus away from the question to investigating the possibility mentioned by the Congressman. However, he also provides a partial answer by stating that he is not aware of it happening.","['dodge', 'direct', 'overanswer', 'dodge', 'direct', 'overanswer']","; The witness's response can be interpreted as a dodge, as he tries to shift the focus away from the question and onto investigating the possibility mentioned by the Congressman. Additionally, it can be seen as a direct intent, as he acknowledges that he is not aware of it happening currently. There is also a possibility of overanswering, as he offers to investigate and look into the matter further if the Congressman has any information.; The witness's response can be interpreted as a dodge, as he tries to shift the focus away from the question and onto investigating the possibility mentioned by the Congressman. Additionally, it can be seen as a direct intent, as he acknowledges that he is not aware of it happening currently. There is also a possibility of overanswering, as he offers to investigate and look into the matter further if the Congressman has any information.",111000,"['shift', 'answer']"
30,11497630063,What are you doing to enforce that law?,"([""dodge"", ""correct""], ""A skeptical annotator might see this as an attempt to dodge the question by shifting the topic, while another annotator might see it as an attempt to correct a mistake in the question and provide a more accurate explanation"")",001100,,The witness is shifting the topic away from what they are doing to enforce the law and instead discussing the designation of a sanctuary city,"['dodge', 'correct']","; A skeptical annotator might see this as an attempt to dodge the question by shifting the topic, while another annotator might see it as an attempt to correct a mistake in the question and provide a more accurate explanation",001100,['shift']
31,11635589117,Where is the holdup?,"([""dodge"", ""correct""], ""Some annotators might see the witness shifting the focus as a way to dodge the question and avoid giving a direct answer. Others might see it as the witness attempting to correct a misperception or provide further context."")",101000,,The witness is shifting the focus from the holdup to the challenges and lack of staff in the organization,"['dodge', 'correct']",; Some annotators might see the witness shifting the focus as a way to dodge the question and avoid giving a direct answer. Others might see it as the witness attempting to correct a misperception or provide further context.,001100,['shift']
32,11530956073,Are you willing to change your business model in the interest of protecting individual privacy?,"([""dodge"", ""correct""], ""A cynical annotator interprets the response as a dodge to avoid directly answering the question about changing the business model, while an optimistic annotator might view it as a correct response by highlighting the changes already made to reduce data."")",101000,,The witness is shifting the focus of the response away from directly answering the question about changing the business model and instead highlighting the changes already made to reduce data,"['dodge', 'correct']","; A cynical annotator interprets the response as a dodge to avoid directly answering the question about changing the business model, while an optimistic annotator might view it as a correct response by highlighting the changes already made to reduce data.",001100,['shift']
33,11422125049,Does Mr. Trump currently receive intelligence briefings from the FBI?,"([""dodge"", ""correct""], ""The witness is attempting to dodge the question about whether Mr. Trump currently receives intelligence briefings from the FBI by shifting the focus of the response to the general practice of offering briefings to candidates and their running mates. Alternatively, the witness may be trying to correct any misunderstandings or misconceptions about the scope of the briefings."")",100000,,The witness is shifting the focus of the response away from Mr. Trump's current receipt of intelligence briefings and instead discussing the general practice of offering briefings to candidates and their running mates.,"['dodge', 'correct']","; The witness is attempting to dodge the question about whether Mr. Trump currently receives intelligence briefings from the FBI by shifting the focus of the response to the general practice of offering briefings to candidates and their running mates. Alternatively, the witness may be trying to correct any misunderstandings or misconceptions about the scope of the briefings.",001100,['shift']
34,11422125006,"So my first question to you is, was the FBI aware of this Reddit post prior to offering Mr. Combetta immunity on May 3, 2016?","([""direct"", ""overanswer""], ""The witness could be providing a direct response to the question or providing more information than necessary"")",000001,,The witness is providing a direct response to the question,"['direct', 'overanswer']",; The witness could be providing a direct response to the question or providing more information than necessary,110000,['answer']
35,11530242091,Can we get that information?,"([""dodge"", ""correct""], ""A skeptical annotator may interpret the response as an attempt to dodge the question and redirect the conversation towards the owner of the process and their departure from the company. On the other hand, a more optimistic annotator may see it as a genuine attempt to provide additional information and clarify the context."")",101000,,The witness is not directly answering the question and is redirecting the conversation towards the owner of the process and their departure from the company.,"['dodge', 'correct']","; A skeptical annotator may interpret the response as an attempt to dodge the question and redirect the conversation towards the owner of the process and their departure from the company. On the other hand, a more optimistic annotator may see it as a genuine attempt to provide additional information and clarify the context.",001100,['shift']
36,11635230091,"Mr. Cohen, is it your testimony that Mr. Trump had advance knowledge of the Russia-WikiLeaks release of the DNC's emails?","([""dodge""], ""The witness is intentionally avoiding directly answering the question and providing additional information and context without confirming or denying Mr. Trump's advance knowledge"")",100001,,The witness is avoiding directly answering the question and instead providing additional information and context without confirming or denying Mr. Trump's advance knowledge,['dodge'],; The witness is intentionally avoiding directly answering the question and providing additional information and context without confirming or denying Mr. Trump's advance knowledge,001000,['shift']
37,11531349132,Can you give me any direction in that area?,"([""direct"", ""overanswer""], ""There is some ambiguity in the witness's response. An annotator with a cynical bias might interpret the response as overanswering the question by providing excessive information, while an annotator with an optimistic bias might view it as directly and thoroughly addressing the question"")",101000,,The witness directly responds to the question and provides information about the actions they will take to address racial discrimination in mortgage lending,"['direct', 'overanswer']","; There is some ambiguity in the witness's response. An annotator with a cynical bias might interpret the response as overanswering the question by providing excessive information, while an annotator with an optimistic bias might view it as directly and thoroughly addressing the question",110000,['answer']
38,11635230002,But you understand the gravity of this moment?,"([""direct"", ""overanswer""], ""A strict annotator would interpret the response as a direct affirmation of understanding the gravity of the moment, while a lenient annotator might see it as an overcompensating response with excessive emphasis on understanding the gravity of the moment"")",100000,,The witness directly responds to the question and expresses understanding of the gravity of the moment,"['direct', 'overanswer']","; A strict annotator would interpret the response as a direct affirmation of understanding the gravity of the moment, while a lenient annotator might see it as an overcompensating response with excessive emphasis on understanding the gravity of the moment",110000,['answer']
39,11637282014,"For political appointee, however, OSC can write a report and make a recommendation of discipline, but ultimately it's up to the President?","([""direct"", ""overanswer""], ""The witness could be directly confirming the statement or going beyond and elaborating on the topic."")",100000,,The witness is confirming that the statement in the question is correct.,"['direct', 'overanswer']",; The witness could be directly confirming the statement or going beyond and elaborating on the topic.,110000,['answer']
40,11426003107,"And when you got the PricewaterhouseCoopers analysis--when was that, by the way?","([""direct"", ""overanswer""], ""The witness is directly answering the question by providing a specific timeframe. An overanswer could be an optimistic annotation, where the witness is providing additional information that is not directly asked for"")",100000,,The witness is directly answering the question by providing a specific timeframe,"['direct', 'overanswer']","; The witness is directly answering the question by providing a specific timeframe. An overanswer could be an optimistic annotation, where the witness is providing additional information that is not directly asked for",110000,['answer']
41,11635230109,How can we corroborate what you are saying?,"([""correct"", ""overanswer""], ""An annotator thinks the witness is trying to shift the responsibility to other government agencies and doesn't have the information to corroborate his statement, while another annotator believes the witness is offering a possible way to corroborate the statement by suggesting that the special counsel's office and other government agencies may have the information."")",100001,,The witness is shifting the responsibility to other government agencies and indicating that he doesn't have the information needed to corroborate his statement.,"['correct', 'overanswer']","; An annotator thinks the witness is trying to shift the responsibility to other government agencies and doesn't have the information to corroborate his statement, while another annotator believes the witness is offering a possible way to corroborate the statement by suggesting that the special counsel's office and other government agencies may have the information.",010100,['shift']
42,11426003127,Yes or no?,"([""direct"", ""overanswer""], ""The witness is answering 'No', which is a direct response to the question. However, the witness also states that there will be an explanation following, indicating that there may be additional information or clarification."")",100000,,"The witness is clearly providing a response and indicating that the answer is 'No', but there will be an explanation following.","['direct', 'overanswer']","; The witness is answering 'No', which is a direct response to the question. However, the witness also states that there will be an explanation following, indicating that there may be additional information or clarification.",110000,['answer']
43,11393834073,Correct?,"([""direct"", ""overanswer""], ""Some annotators could interpret the response as a direct confirmation, while others might see it as going beyond what is necessary to answer the question"")",100000,,The witness is providing a direct response to the question,"['direct', 'overanswer']","; Some annotators could interpret the response as a direct confirmation, while others might see it as going beyond what is necessary to answer the question",110000,['answer']
44,11635589032,"And I see that the Russians landed 100 soldiers, or something, the other day?","([""dodge"", ""correct""], ""A dodging annotator might interpret the response as avoiding directly answering the question or providing further information, while a correct annotator might see it as acknowledging the statement without addressing the question directly."")",100000,,The witness is acknowledging the statement but not directly answering the question. The shift in the conversation act suggests that the witness may have a different agenda or is avoiding providing further information.,"['dodge', 'correct']","; A dodging annotator might interpret the response as avoiding directly answering the question or providing further information, while a correct annotator might see it as acknowledging the statement without addressing the question directly.",001100,['shift']
45,11531349014,"At some point, at 3 percent, 4 percent, 5 percent inflation targeting, have you violated your price-stability mandate?","([""direct"", ""overanswer""], ""A cynical annotator interprets the answer as an evasion by providing excessive information vs. an optimistic annotator might view it as a direct and thorough response"")",100100,,The witness is directly addressing the question and providing a detailed response. There is no indication of evasion or shifting of the topic.,"['direct', 'overanswer']",; A cynical annotator interprets the answer as an evasion by providing excessive information vs. an optimistic annotator might view it as a direct and thorough response,110000,['answer']
46,11635230069,"Mr. Cohen, how long did you work in the White House?","([""direct""], ""The witness directly answers the question by stating that he never worked in the White House"")",100000,,The witness directly answers the question by stating that he never worked in the White House,['direct'],; The witness directly answers the question by stating that he never worked in the White House,100000,['answer']
47,11426003012,Does that comport with your memory?,"([""direct"", ""overanswer""], ""A cynic might interpret this as overanswering the question, providing more information than was asked for vs. an optimist might view it as a straightforward and concise answer"")",100000,,The witness is straightforwardly answering the question in the affirmative,"['direct', 'overanswer']","; A cynic might interpret this as overanswering the question, providing more information than was asked for vs. an optimist might view it as a straightforward and concise answer",110000,['answer']
48,11422125138,"In light of the fact the Maryland Bar has this prohibition, would that have changed your view of allowing her in and saying you had no authority?","([""direct""], ""The witness provides a direct and relevant response to the question asked"")",100011,,The witness provides a direct and relevant response to the question asked,['direct'],; The witness provides a direct and relevant response to the question asked,100000,['answer']
49,11635230016,How could the President have arranged for you to get this check if he was supposedly playing no role in his business?,"([""direct""], ""The witness is providing a direct and straightforward response to the question, explaining the arrangement of the payments as a retainer for services provided in 2017."")",100000,,"The witness is providing a clear and direct response to the question, explaining that the payments were designed to be paid over 12 months as a retainer for services provided in 2017.",['direct'],"; The witness is providing a direct and straightforward response to the question, explaining the arrangement of the payments as a retainer for services provided in 2017.",100000,['answer']
50,11530242034,How many?,"([""direct"", ""overanswer""], ""The witness could either be directly answering the question by providing a list of five different services that give protection to the consumer, or they could be overanswering by also mentioning that it is not just those impacted but any U.S. consumer."")",100000,,The witness is providing a direct response to the question by listing five different services that give protection to the consumer.,"['direct', 'overanswer']","; The witness could either be directly answering the question by providing a list of five different services that give protection to the consumer, or they could be overanswering by also mentioning that it is not just those impacted but any U.S. consumer.",110000,['answer']
51,11532380105,Any Member of Congress?,"([""dodge"", ""correct""], ""A cynical annotator might interpret the shift as an attempt to dodge the question, whereas an optimistic annotator might see it as an attempt to correct a misunderstanding or misinterpretation"")",000110,,The witness's response indicates a shift in topic or avoidance of directly answering the question,"['dodge', 'correct']","; A cynical annotator might interpret the shift as an attempt to dodge the question, whereas an optimistic annotator might see it as an attempt to correct a misunderstanding or misinterpretation",001100,['shift']
52,11386195030,Did you participate in redaction decisions at all?,"([""direct"", ""overanswer""], ""Different annotators may interpret the response as a straightforward denial, or as an attempt to provide more information than necessary"")",100000,,The witness clearly states that they did not participate in redaction decisions,"['direct', 'overanswer']","; Different annotators may interpret the response as a straightforward denial, or as an attempt to provide more information than necessary",110000,['answer']
53,11530956139,And you commit today that Facebook will extend the same protections to Americans that European users will receive under the GDPR?,"([""direct"", ""overanswer""], ""A direct annotator would view the witness as directly answering the question and committing to extending the same protections to Americans as European users under the GDPR. An overanswer annotator might view the witness as providing more information than necessary by stating that they have had privacy controls in place for years and that the GDPR requires them to do a few more things."")",100000,,The witness is directly answering the question and committing to extending the same protections to Americans as European users under the GDPR.,"['direct', 'overanswer']",; A direct annotator would view the witness as directly answering the question and committing to extending the same protections to Americans as European users under the GDPR. An overanswer annotator might view the witness as providing more information than necessary by stating that they have had privacy controls in place for years and that the GDPR requires them to do a few more things.,110000,['answer']
54,11635230020,Would Don Jr. or Mr. Weisselberg have more information about that?,"([""direct"", ""overanswer""], ""The witness directly provides an answer to the question by stating that Mr. Weisselberg would have more information about the discussions and negotiations prior to the election, and Don Jr. would have cursory information. The witness also goes beyond the requirement of the question by providing additional information about the level of information each person would have, which can be interpreted as an overanswer."")",100000,,The witness is directly providing an answer to the question by mentioning that Mr. Weisselberg would have more information about the discussions and negotiations prior to the election and Don Jr. would have cursory information.,"['direct', 'overanswer']","; The witness directly provides an answer to the question by stating that Mr. Weisselberg would have more information about the discussions and negotiations prior to the election, and Don Jr. would have cursory information. The witness also goes beyond the requirement of the question by providing additional information about the level of information each person would have, which can be interpreted as an overanswer.",110000,['answer']
55,11532380010,"To your knowledge, have the number of Federal prosecutions increased nationwide for offenses such as harboring aliens, improper entry, and illegal reentry?","([""dodge"", ""correct""], ""The witness is trying to dodge the question about the increase in federal prosecutions by shifting the focus to the reduction in attempts to enter the country illegally. Alternatively, the witness may believe that the information about the reduction in attempts to enter the country illegally is important and relevant to the question"")",001100,,The witness is shifting the focus from the question about the number of federal prosecutions to the reduction in attempts to enter the country illegally,"['dodge', 'correct']","; The witness is trying to dodge the question about the increase in federal prosecutions by shifting the focus to the reduction in attempts to enter the country illegally. Alternatively, the witness may believe that the information about the reduction in attempts to enter the country illegally is important and relevant to the question",001100,['shift']
56,11635589081,"And does that mean, Mr. Secretary, no matter how high up it might go?","([""correct"", ""dodge""], ""The witness is either trying to provide a correct answer by clarifying the term 'anyone' or is attempting to dodge the question by shifting the focus"")",100000,,The witness is shifting the focus of the question from how high up it might go to the scope of 'anyone',"['correct', 'dodge']",; The witness is either trying to provide a correct answer by clarifying the term 'anyone' or is attempting to dodge the question by shifting the focus,001100,['shift']
57,11532380146,Do you know about that?,"([""dodge"", ""correct""], ""A pessimistic annotator interprets the shift as a dodge to avoid answering the question directly, while an optimistic annotator might view it as an attempt to correct a misconception or provide relevant context"")",100000,,The witness is shifting the focus of the conversation to discuss the Turkish Government's actions rather than directly answering the question,"['dodge', 'correct']","; A pessimistic annotator interprets the shift as a dodge to avoid answering the question directly, while an optimistic annotator might view it as an attempt to correct a misconception or provide relevant context",001100,['shift']
58,11531504072,"Yes or no, were you involved in the decision to abandon that rulemaking or was that decision made by Nancy Beck?","([""dodge""], ""The witness is attempting to avoid directly answering the question about their involvement in the decision-making process by redirecting the conversation to the current status of the rulemaking."")",001100,,The witness is shifting away from directly answering the question by providing information about the current status of the rulemaking process.,['dodge'],; The witness is attempting to avoid directly answering the question about their involvement in the decision-making process by redirecting the conversation to the current status of the rulemaking.,001000,['shift']
59,11393834008,"If somebody--you are investigating an entity, government agency, whatever, you know, that agency has a duty, once they know they are under investigation, to preserve evidence, correct?","([""direct"", ""overanswer""], ""A cautious annotator might consider the witness to be directly answering the question with a simple confirmation, while another annotator might view it as an overanswer by providing additional information or context"")",100000,,The witness is directly answering the question without any ambiguity,"['direct', 'overanswer']","; A cautious annotator might consider the witness to be directly answering the question with a simple confirmation, while another annotator might view it as an overanswer by providing additional information or context",110000,['answer']
60,11531504138,Were you personally involved in this decision to reduce this fine?,"([""dodge"", ""correct""], ""A cynical annotator may interpret the response as dodging the question by providing irrelevant information, while an optimistic annotator may see it as attempting to provide context to help answer the question correctly."")",001100,,"The witness is not directly answering the question, but instead providing background information that may be relevant to the decision in question","['dodge', 'correct']","; A cynical annotator may interpret the response as dodging the question by providing irrelevant information, while an optimistic annotator may see it as attempting to provide context to help answer the question correctly.",001100,['shift']
61,11636001100,Did you do that?,"([""dodge"", ""correct""], ""An annotator believes the witness is trying to avoid answering the question by providing additional context, while another annotator interprets it as an attempt to correct the question and provide more specific information"")",000011,,The witness is trying to shift the focus of the question by providing additional context and not directly answering the question,"['dodge', 'correct']","; An annotator believes the witness is trying to avoid answering the question by providing additional context, while another annotator interprets it as an attempt to correct the question and provide more specific information",001100,['shift']
62,11531349140,"I was hoping you might be willing to consider that situation, that sort of a fix yourself?","([""direct"", ""overanswer""], ""A direct intent means the witness is providing a straightforward response to the question, while an overanswer intent means the witness is going beyond the scope of the question and providing additional information."")",100000,,The witness is providing a detailed explanation of their view on the situation and their proposed solution. There is no indication of avoidance or shifting the topic.,"['direct', 'overanswer']","; A direct intent means the witness is providing a straightforward response to the question, while an overanswer intent means the witness is going beyond the scope of the question and providing additional information.",110000,['answer']
63,11530242097,"So my question to you, sir, do you believe it is right for you to walk away with a payday worth $90 million when the lives of more than 145 million hardworking Americans had been potentially compromised?","([""correct""], ""The witness is attempting to redirect the conversation to address the breach and express their lack of knowledge or agreement with the specific number mentioned in the question"")",001100,,The witness shifts the focus of the conversation to apologize for the breach and express their lack of knowledge or agreement with the number mentioned in the question,['correct'],; The witness is attempting to redirect the conversation to address the breach and express their lack of knowledge or agreement with the specific number mentioned in the question,000100,['shift']
64,11497630004,"Do you disagree with the FBI Director when he says that vetting Syrian refugees is extremely difficult, if not impossible?","([""dodge"", ""correct""], ""Some annotators may interpret the response as 'dodge' because the witness attempts to shift the focus of the question by providing an explanation about the vetting procedures instead of directly disagreeing with the FBI Director's statement. Other annotators may interpret the response as 'correct' because the witness provides an accurate clarification that he is not sure if the FBI Director said it was impossible, and goes on to explain the efforts made by all agencies to vet refugees."")",101000,,"The range of acts include 'answer' and 'shift'. Some annotators may interpret the response as an 'answer' because the witness clarifies that he is not sure if the FBI Director said it was impossible, and goes on to explain the efforts made by all agencies to vet refugees. Other annotators may interpret the response as a 'shift' because the witness attempts to redirect the focus of the question by providing an explanation about vetting procedures rather than directly disagreeing with the FBI Director's statement.","['direct', 'overanswer', 'dodge', 'correct']","; Some annotators may interpret the response as 'direct' because the witness directly addresses the question and clarifies that he is not sure if the FBI Director said it was impossible, and goes on to explain the vetting efforts made by all agencies. Other annotators may interpret the response as 'overanswer' because the witness provides additional information about the vetting procedures and does not directly state whether or not he disagrees with the FBI Director.; Some annotators may interpret the response as 'dodge' because the witness attempts to shift the focus of the question by providing an explanation about the vetting procedures instead of directly disagreeing with the FBI Director's statement. Other annotators may interpret the response as 'correct' because the witness provides an accurate clarification that he is not sure if the FBI Director said it was impossible, and goes on to explain the efforts made by all agencies to vet refugees.",111100,"['answer', 'shift']"
65,11530242089,So has that decisionmaking stream been made public?,"([""dodge"", ""correct""], ""The witness is trying to shift the focus of the conversation away from the question, potentially to avoid giving a direct answer"")",001100,,The witness is trying to shift the focus of the conversation away from the question,"['dodge', 'correct']","; The witness is trying to shift the focus of the conversation away from the question, potentially to avoid giving a direct answer",001100,['shift']
66,11530956079,"And when you learned it, did you contact their CEO immediately, and if not, why not?","([""dodge"", ""correct""], ""A cynical annotator might interpret the shift act as an attempt to dodge the question and avoid giving a direct answer, while an optimistic annotator might view it as an attempt to provide additional context and correct any misconceptions about the situation at hand."")",001100,,The witness shifts away from directly answering the question and starts providing background information about the situation in question. This indicates a diversion from the original question.,"['dodge', 'correct']","; A cynical annotator might interpret the shift act as an attempt to dodge the question and avoid giving a direct answer, while an optimistic annotator might view it as an attempt to provide additional context and correct any misconceptions about the situation at hand.",001100,['shift']
67,11532380065,"Is this correct, ``yes'' or ``no''?","([""direct"", ""overanswer""], ""A direct intent would be to confirm whether the statement is correct with a simple 'yes' or 'no'. An overanswer intent would be to provide additional information or explanation beyond a simple 'yes' or 'no'."")",100000,,There is a strong consensus among the annotators that the response is an affirmative answer to the question,"['direct', 'overanswer']",; A direct intent would be to confirm whether the statement is correct with a simple 'yes' or 'no'. An overanswer intent would be to provide additional information or explanation beyond a simple 'yes' or 'no'.,110000,['answer']
68,11531504007,"Did you, Administrator, authorize Mr. Jackson to sign those documents for you?","([""direct"", ""overanswer""], ""Some annotators might perceive the witness's response as a direct answer to the question, while others might view it as providing more information than necessary (overanswering)"")",101000,,The witness is directly addressing the question and providing a response,"['direct', 'overanswer']","; Some annotators might perceive the witness's response as a direct answer to the question, while others might view it as providing more information than necessary (overanswering)",110000,['answer']
69,11420722004,"Why was this meeting, particularly in light of your previous appointment by President Clinton, not grounds for recusing yourself?","([""dodge"", ""direct""], ""The witness initially tries to dodge the question by shifting the conversation to a previous unrelated conversation with former President Clinton. However, the witness also provides a direct answer by stating that nothing related to the email investigation or specific cases/matters before the Department of Justice was discussed."")",110000,,"The witness initially provides a shift in the conversation by discussing a previous conversation with former President Clinton that is not directly related to the question. However, the witness then provides an answer by stating that nothing related to the email investigation or specific cases/matters before the Department of Justice was discussed.","['dodge', 'direct', 'dodge', 'direct']","; The witness initially tries to dodge the question by shifting the conversation to a previous unrelated conversation with former President Clinton. However, the witness also provides a direct answer by stating that nothing related to the email investigation or specific cases/matters before the Department of Justice was discussed.; The witness initially tries to dodge the question by shifting the conversation to a previous unrelated conversation with former President Clinton. However, the witness also provides a direct answer by stating that nothing related to the email investigation or specific cases/matters before the Department of Justice was discussed.",101000,"['shift', 'answer']"
70,11393834044,"Is that right, to your knowledge?","([""direct"", ""overanswer""], ""A direct intent indicates that the witness is confirming the accuracy of the information, while an overanswer intent suggests that the witness is providing excessive or unnecessary information."")",100000,,The witness is providing a straightforward answer to the question without any ambiguity or evasion.,"['direct', 'overanswer']","; A direct intent indicates that the witness is confirming the accuracy of the information, while an overanswer intent suggests that the witness is providing excessive or unnecessary information.",110000,['answer']
71,11636001030,To any third party not already briefed about the special counsel's investigation who might have conveyed that information to the President or his legal team?,"([""direct"", ""overanswer""], ""A pessimistic annotator may interpret the question as a delay tactic and the witness is trying to overanswer the question by seeking clarification on the term 'third-party individuals'. Whereas an optimistic annotator might view the clarification as a genuine attempt to provide a direct response to the question."")",000001,,The witness is providing a direct response to the question by asking for clarification on the term 'third-party individuals',"['direct', 'overanswer']",; A pessimistic annotator may interpret the question as a delay tactic and the witness is trying to overanswer the question by seeking clarification on the term 'third-party individuals'. Whereas an optimistic annotator might view the clarification as a genuine attempt to provide a direct response to the question.,110000,['answer']
72,11530956039,"Mr. Zuckerberg, what is the difference between Facebook's methodology and the methodology of the American political pariah J. Edgar Hoover?","([""dodge"", ""correct""], ""An annotator might view this as an attempt to dodge the question by shifting the topic, while another annotator might view this as an attempt to correct a misconception about Facebook's methodology."")",110000,,"The witness initially attempts to shift the question to a different topic (surveillance), but then provides a direct answer to the original question.","['dodge', 'correct', 'dodge', 'correct']","; An annotator might view this as an attempt to dodge the question by shifting the topic, while another annotator might view this as an attempt to correct a misconception about Facebook's methodology.; An annotator might view this as an attempt to dodge the question by shifting the topic, while another annotator might view this as an attempt to correct a misconception about Facebook's methodology.",001100,"['shift', 'answer']"
73,11531349006,Is it your intention to keep that same ratio of mortgage-backed securities?,"([""dodge"", ""correct""], ""The witness could be trying to dodge the question by shifting the topic to the balance sheet's size and composition. Alternatively, the witness may be trying to provide a relevant and informative response by addressing the long-term intentions regarding the balance sheet and the use of mortgage-backed securities."")",110000,,The witness is shifting the topic away from maintaining the same ratio of mortgage-backed securities to discussing the balance sheet's size and composition,"['dodge', 'correct']","; The witness could be trying to dodge the question by shifting the topic to the balance sheet's size and composition. Alternatively, the witness may be trying to provide a relevant and informative response by addressing the long-term intentions regarding the balance sheet and the use of mortgage-backed securities.",001100,['shift']
74,11635230000,"You are a lawyer, right?","([""dodge"",""correct""],""The witness is shifting the topic away from being a lawyer and giving a reason for no longer being one. An annotator who is doubtful about the witness's response may interpret it as a dodge while an annotator who believes the witness is providing a valid reason may interpret it as a correct response."")",101100,,"The witness is shifting the topic away from being a lawyer, indicating that they are no longer a lawyer","['dodge', 'correct']",; The witness is shifting the topic away from being a lawyer and giving a reason for no longer being one. An annotator who is doubtful about the witness's response may interpret it as a dodge while an annotator who believes the witness is providing a valid reason may interpret it as a correct response.,001100,['shift']
75,11637282018,Are you aware whether President Trump took any action to discipline Ms. Conway after your first report?,"([""direct"", ""overanswer""], ""The witness could be providing a direct response to the question, stating that they are not aware of any specific discipline, or they could be overanswering by providing additional information about Ms. Conway mentioning being counseled."")",100000,,"The witness is providing a direct response to the question, stating that Ms. Conway mentioned being counseled but they are not aware of any specific discipline.","['direct', 'overanswer']","; The witness could be providing a direct response to the question, stating that they are not aware of any specific discipline, or they could be overanswering by providing additional information about Ms. Conway mentioning being counseled.",110000,['answer']
76,11636001109,"What efforts and resources has or does the Justice Department intend to use to combat this growing epidemic, and what help can Congress provide to assist you in your efforts?","([""dodge"", ""correct""], ""A cynical annotator might interpret this as a dodge, where the witness is avoiding directly answering the question and shifting the focus to the efforts already taken by the Justice Department. On the other hand, an optimistic annotator might view this as a correct interpretation, where the witness is acknowledging the question but providing a detailed response about the actions taken by the Justice Department to combat the opioid crisis."")",100000,,"The witness is acknowledging the question but avoiding directly answering it. Instead, they provide a detailed response about the efforts and resources the Justice Department has employed to combat the opioid crisis.","['dodge', 'correct']","; A cynical annotator might interpret this as a dodge, where the witness is avoiding directly answering the question and shifting the focus to the efforts already taken by the Justice Department. On the other hand, an optimistic annotator might view this as a correct interpretation, where the witness is acknowledging the question but providing a detailed response about the actions taken by the Justice Department to combat the opioid crisis.",001100,['shift']
77,11635230051,Was it done to protect the President?,"([""direct"", ""overanswer"", ""dodge"", ""correct""], ""The witness could be directly answering the question, providing an overanswer by denying it or attempting to shift the focus away from protecting the President, or attempting to correct a potential misunderstanding"")",100000,,The witness is providing an answer and also attempting to shift the focus of the question away from protecting the President,"['direct', 'overanswer', 'dodge', 'correct', 'direct', 'overanswer', 'dodge', 'correct']","; The witness could be directly answering the question, providing an overanswer by denying it or attempting to shift the focus away from protecting the President, or attempting to correct a potential misunderstanding; The witness could be directly answering the question, providing an overanswer by denying it or attempting to shift the focus away from protecting the President, or attempting to correct a potential misunderstanding",111100,"['answer', 'shift']"
78,11497630018,Does the Department allow statements by the President to dictate its investigative practices?,"([""correct""], ""The witness is trying to correct any misconceptions and provide an accurate explanation of how the Department operates. They emphasize that the President's comments have no impact on their decision-making process."")",100000,,The witness is shifting the focus away from the question and redirecting it towards the Department's general practices and procedures. The statement also implies that the President's comments do not have any influence on the Department's decision-making process.,['correct'],; The witness is trying to correct any misconceptions and provide an accurate explanation of how the Department operates. They emphasize that the President's comments have no impact on their decision-making process.,000100,['shift']
79,11426003004,And nobody above the branch-manager level?,"([""direct"", ""overanswer""], ""The witness could be providing a direct answer to the question by explaining that managers above the branch-manager level existed and that a review of other control functions is underway. Alternatively, the witness could be overanswering by providing excessive information beyond what was asked."")",011000,,The witness is providing an answer to the question by explaining that there were managers above the branch-manager level and that a review of other control functions is being conducted,"['direct', 'overanswer']","; The witness could be providing a direct answer to the question by explaining that managers above the branch-manager level existed and that a review of other control functions is underway. Alternatively, the witness could be overanswering by providing excessive information beyond what was asked.",110000,['answer']
80,11393834004,"So nobody in the IRS ever went to the Justice Department to give you a heads up, knowing that you were conducting the investigation and that some evidence may be been destroyed?","([""direct""], ""The witness is directly answering the question by stating that nobody in the IRS went to the Justice Department to give a heads up before the 13th of June. This demonstrates the witness's knowledge of the timeline and lack of information regarding any actions taken prior to that date."")",101000,,The witness is directly answering the question by stating that nobody in the IRS went to the Justice Department to give a heads up before the 13th of June. This demonstrates the witness's knowledge of the timeline and lack of information regarding any actions taken prior to that date.,['direct'],; The witness is directly answering the question by stating that nobody in the IRS went to the Justice Department to give a heads up before the 13th of June. This demonstrates the witness's knowledge of the timeline and lack of information regarding any actions taken prior to that date.,100000,['answer']
81,11497630130,"Since you have now dismissed that investigation, are you prepared to make her available to Committees for a transcribed interview?","([""dodge"", ""correct""], ""The witness's response indicates a shifting of the topic and avoidance of directly answering the question. This is supported by the majority of the annotators providing negative or neutral sentiments."")",101100,,The witness's response indicates a shifting of the topic and avoidance of directly answering the question. This is supported by the majority of the annotators providing negative or neutral sentiments.,"['dodge', 'correct']",; The witness's response indicates a shifting of the topic and avoidance of directly answering the question. This is supported by the majority of the annotators providing negative or neutral sentiments.,001100,['shift']
82,11637282081,"And was she counseled, do you know, or advised to do that?","([""direct"", ""overanswer""], ""The witness may be providing a direct response by confirming that they have suggested solutions and provided advice on matters related to the campaign, compliance with Twitter feed, and media appearances. Alternatively, they may be overanswering by providing more information than necessary, potentially trying to divert attention away from the original question."")",100000,,"The witness provides a direct response to the question by explaining that they have suggested solutions and provided advice on various matters related to the campaign, compliance with Twitter feed, and media appearances.","['direct', 'overanswer']","; The witness may be providing a direct response by confirming that they have suggested solutions and provided advice on matters related to the campaign, compliance with Twitter feed, and media appearances. Alternatively, they may be overanswering by providing more information than necessary, potentially trying to divert attention away from the original question.",110000,['answer']
83,11635589048,Do you see a difference from people trying to flee for their life and safety on the southern border of the United States and the border between Venezuela and Colombia?,"([""dodge"", ""correct""], ""An annotator who believes the witness is trying to avoid answering the question vs. an annotator who believes the witness is trying to provide clarification or context"")",000011,,The witness is trying to redirect the conversation towards a more specific aspect or context of the question,"['dodge', 'correct']",; An annotator who believes the witness is trying to avoid answering the question vs. an annotator who believes the witness is trying to provide clarification or context,001100,['shift']
84,11497630059,What are you doing to discourage jurisdictions from claiming sanctuary status?,"([""direct"", ""overanswer""], ""The witness is clarifying and asking for repetition, which could signal a direct intention to answer the question by addressing the Congressman's question. It could also be an indication of an overanswer intention, where the witness wants to provide more information than asked for."")",000011,,"The witness is initially apologizing and asking for clarification, indicating a shift in the conversation. However, the witness then continues and answers the question by acknowledging the last part of the question and addressing Congressman.","['direct', 'overanswer', 'direct', 'overanswer']","; The witness is clarifying and asking for repetition, which could signal a direct intention to answer the question by addressing the Congressman's question. It could also be an indication of an overanswer intention, where the witness wants to provide more information than asked for.; The witness is clarifying and asking for repetition, which could signal a direct intention to answer the question by addressing the Congressman's question. It could also be an indication of an overanswer intention, where the witness wants to provide more information than asked for.",110000,"['answer', 'shift']"
85,11635230095,And that he shared that outcome?,"([""direct"", ""overanswer""], ""An annotator with a positive sentiment might interpret the response as a direct affirmation, while an annotator with a negative sentiment might view it as an attempt to overanswer by providing unnecessary information."")",100000,,The witness is simply affirming the statement made in the question without providing any additional information.,"['direct', 'overanswer']","; An annotator with a positive sentiment might interpret the response as a direct affirmation, while an annotator with a negative sentiment might view it as an attempt to overanswer by providing unnecessary information.",110000,['answer']
86,11531349075,"I am asking you, sir, what is your position on that?","([""dodge"", ""correct""], ""The witness is indicating that he hasn't taken a position on the topic and may need more time to think about it before forming an opinion. This can be interpreted as either dodging the question by deflecting or providing a correct response by acknowledging the lack of a position and offering a potential future evaluation."")",000011,,The witness is indicating that he hasn't taken a position on the topic and may need more time to think about it before forming an opinion,"['direct', 'overanswer', 'dodge', 'correct']",; The witness is stating that he hasn't taken a position on the topic and may need more time to think about it before forming an opinion. This can be interpreted as either directly answering the question or overanswering by providing more information than necessary; The witness is indicating that he hasn't taken a position on the topic and may need more time to think about it before forming an opinion. This can be interpreted as either dodging the question by deflecting or providing a correct response by acknowledging the lack of a position and offering a potential future evaluation.,111100,"['cant answer', 'shift']"
87,11530242013,So what happened?,"([""direct"", ""overanswer""], ""A direct intent indicates that the witness is providing a straightforward and concise answer to the question. An overanswer intent suggests that the witness may be providing excessive or unnecessary information beyond what is being asked in the question."")",100000,,The witness is providing a detailed explanation of what happened and why the patching process failed. The response directly addresses the question and provides specific information.,"['direct', 'overanswer']",; A direct intent indicates that the witness is providing a straightforward and concise answer to the question. An overanswer intent suggests that the witness may be providing excessive or unnecessary information beyond what is being asked in the question.,110000,['answer']
88,11497630073,Are you aware of any investigation by DOJ into that matter or not?,"([""honest""], ""The witness is indicating that they are unable to provide a comment at this time, but would be willing to provide information in the future"")",000001,,The witness is indicating that they are unable to comment on the matter,['honest'],"; The witness is indicating that they are unable to provide a comment at this time, but would be willing to provide information in the future",000001,['cant answer']
89,11637282069,"And have you received a response to those reports from the subject in question, Ms. Conway?","([""direct"", ""overanswer""], ""The witness can either provide a direct response to the question or provide an excessive amount of information beyond what was asked."")",100000,,"The witness clearly provides a direct response to the question, confirming that Ms. Conway never responded.","['direct', 'overanswer']",; The witness can either provide a direct response to the question or provide an excessive amount of information beyond what was asked.,110000,['answer']
90,11393834055,You guys asked for this data?,"([""dodge"", ""correct""], ""The witness is attempting to avoid directly answering whether they asked for the data, by shifting the focus of the conversation. Alternatively, they may be indicating that they are unsure or lack knowledge about the specific request for data."")",000011,,The witness is shifting the focus of the conversation from whether they asked for the data to their lack of knowledge or certainty about it,"['dodge', 'correct', 'dodge', 'correct']","; The witness is attempting to avoid directly answering whether they asked for the data, by shifting the focus of the conversation. Alternatively, they may be indicating that they are unsure or lack knowledge about the specific request for data.; The witness is attempting to avoid directly answering whether they asked for the data, by shifting the focus of the conversation. Alternatively, they may be indicating that they are unsure or lack knowledge about the specific request for data.",001100,"['shift', 'cant answer']"
91,11426003091,Why should I trust that was the case?,"([""dodge"", ""correct""], ""A cynical annotator interprets the response as a dodge to avoid answering the question of trust, whereas an optimistic annotator might view it as an attempt to correct any misconceptions about the review process"")",001000,,"The witness is shifting the focus of the conversation towards a review of terminated employees, rather than directly addressing the question of trust","['dodge', 'correct']","; A cynical annotator interprets the response as a dodge to avoid answering the question of trust, whereas an optimistic annotator might view it as an attempt to correct any misconceptions about the review process",001100,['shift']
92,11530956113,Do you have procedures in place to inform key Government players when a foreign entity is attempting to buy a political ad or when it might be taking other steps to interfere in an election?,"([""direct"", ""overanswer"", ""dodge""], ""The witness provides a detailed response addressing the question but also shifts the focus towards the actions taken by their company to prevent interference in elections. The sentiment analysis shows a mix of positive, neutral, and negative sentiments, suggesting that the witness is partially addressing the question and partially trying to divert attention by highlighting the measures taken by the company."")",110000,,"The witness provides a detailed response addressing the question but also shifts the focus towards the actions taken by their company to prevent interference in elections. The sentiment analysis shows a mix of positive, neutral, and negative sentiments, suggesting that the witness is partially addressing the question and partially trying to divert attention by highlighting the measures taken by the company.","['direct', 'overanswer', 'dodge', 'direct', 'overanswer', 'dodge']","; The witness provides a detailed response addressing the question but also shifts the focus towards the actions taken by their company to prevent interference in elections. The sentiment analysis shows a mix of positive, neutral, and negative sentiments, suggesting that the witness is partially addressing the question and partially trying to divert attention by highlighting the measures taken by the company.; The witness provides a detailed response addressing the question but also shifts the focus towards the actions taken by their company to prevent interference in elections. The sentiment analysis shows a mix of positive, neutral, and negative sentiments, suggesting that the witness is partially addressing the question and partially trying to divert attention by highlighting the measures taken by the company.",111000,"['answer', 'shift']"
93,11393834016,Is that right?,"([""direct"", ""overanswer""], ""The witness's response indicates that the given statement is correct and provides a direct answer to the question"")",100000,,The witness's response indicates that the given statement is correct and provides a direct answer to the question,"['direct', 'overanswer']",; The witness's response indicates that the given statement is correct and provides a direct answer to the question,110000,['answer']
94,11531349091,"A very brief answer from the witness, please?","([""dodge"", ""correct""], ""A skeptical annotator may interpret the witness's response as an attempt to dodge the question and delay providing a brief answer, while a more charitable annotator may see it as an attempt to correct the misconception in the question and provide a more comprehensive answer"")",101100,,The witness responds by shifting the focus of the answer to a different topic,"['dodge', 'correct']","; A skeptical annotator may interpret the witness's response as an attempt to dodge the question and delay providing a brief answer, while a more charitable annotator may see it as an attempt to correct the misconception in the question and provide a more comprehensive answer",001100,['shift']
95,11530242107,So what steps is Equifax taking to educate small businesses and what does it means for their businesses?,"([""direct"", ""overanswer"", ""dodge""], ""The witness's response can be interpreted as both directly answering the question by mentioning the steps Equifax is taking to educate small businesses and offering the free lock product for life. Additionally, the mention of small businesses being important customers can be seen as an overanswer, providing information that may not be directly related to the question. Finally, the mention of responding to the letter and clarifying coverage can be seen as an attempt to dodge the question and shift the focus to a different topic."")",101000,,"The witness's response can be interpreted as both providing an answer to the question and attempting to shift the focus to a different topic. The mention of the company responding to the letter and clarifying the coverage of the free lock product can be seen as an attempt to answer the question. However, the mention of small businesses being important customers can be seen as a shifting of the focus to a different aspect related to small businesses.","['direct', 'overanswer', 'dodge', 'direct', 'overanswer', 'dodge']","; The witness's response can be interpreted as both directly answering the question by mentioning the steps Equifax is taking to educate small businesses and offering the free lock product for life. Additionally, the mention of small businesses being important customers can be seen as an overanswer, providing information that may not be directly related to the question. Finally, the mention of responding to the letter and clarifying coverage can be seen as an attempt to dodge the question and shift the focus to a different topic.; The witness's response can be interpreted as both directly answering the question by mentioning the steps Equifax is taking to educate small businesses and offering the free lock product for life. Additionally, the mention of small businesses being important customers can be seen as an overanswer, providing information that may not be directly related to the question. Finally, the mention of responding to the letter and clarifying coverage can be seen as an attempt to dodge the question and shift the focus to a different topic.",111000,"['answer', 'shift']"
96,11420722147,"Can you tell us now, looking at that and the way you interpreted that statute, was that a mistake?","([""overanswer""], ""A neutral annotator might interpret the response as an overanswer because the witness goes beyond simply answering that they don't have a comment, but also mentions accepting the Supreme Court's decision, which may not be directly relevant to the question"")",000011,,The witness is providing a direct response to the question by stating that they don't have a comment and have accepted the Supreme Court's decision,['overanswer'],"; A neutral annotator might interpret the response as an overanswer because the witness goes beyond simply answering that they don't have a comment, but also mentions accepting the Supreme Court's decision, which may not be directly relevant to the question",010000,['answer']
